date,product,quantity_sold,price
2023-01-01,Mountain Bike,4,852.76
2023-01-01,Road Bike,0,1149.64
2023-01-01,Hybrid Bike,2,639.5
2023-01-01,Kids Bike,1,219.89
2023-01-01,Electric Bike,3,1873.67
2023-01-02,Mountain Bike,1,851.79
2023-01-02,Road Bike,3,1348.45
2023-01-02,Hybrid Bike,5,530.21
2023-01-02,Kids Bike,0,235.27
2023-01-02,Electric Bike,1,1975.68
2023-01-03,Mountain Bike,1,777.35
2023-01-03,Road Bike,3,1177.65
2023-01-03,Hybrid Bike,1,524.12
2023-01-03,Kids Bike,2,252.96
2023-01-03,Electric Bike,2,1740.39
2023-01-04,Mountain Bike,0,788.49
2023-01-04,Road Bike,2,1419.13
2023-01-04,Hybrid Bike,1,522.83
2023-01-04,Kids Bike,1,289.62
2023-01-04,Electric Bike,2,2044.65
2023-01-05,Mountain Bike,0,741.21
2023-01-05,Road Bike,0,1146.9
2023-01-05,Hybrid Bike,1,527.42
2023-01-05,Kids Bike,1,266.01
2023-01-05,Electric Bike,3,1771.48
2023-01-06,Mountain Bike,0,713.04
2023-01-06,Road Bike,1,936.95
2023-01-06,Hybrid Bike,3,649.61
2023-01-06,Kids Bike,2,269.72
2023-01-06,Electric Bike,2,1841.42
2023-01-07,Mountain Bike,1,773.0
2023-01-07,Road Bike,1,1199.26
2023-01-07,Hybrid Bike,4,578.96
2023-01-07,Kids Bike,2,227.69
2023-01-07,Electric Bike,3,1692.38
2023-01-08,Mountain Bike,4,800.26
2023-01-08,Road Bike,5,1364.42
2023-01-08,Hybrid Bike,3,672.9
2023-01-08,Kids Bike,2,258.15
2023-01-08,Electric Bike,5,1825.81
2023-01-09,Mountain Bike,3,708.33
2023-01-09,Road Bike,0,1206.58
2023-01-09,Hybrid Bike,4,608.28
2023-01-09,Kids Bike,2,252.28
2023-01-09,Electric Bike,2,1709.59
2023-01-10,Mountain Bike,2,708.05
2023-01-10,Road Bike,1,1208.21
2023-01-10,Hybrid Bike,3,622.67
2023-01-10,Kids Bike,2,286.47
2023-01-10,Electric Bike,3,1833.49
2023-01-11,Mountain Bike,2,699.97
2023-01-11,Road Bike,0,1174.69
2023-01-11,Hybrid Bike,2,567.85
2023-01-11,Kids Bike,2,222.94
2023-01-11,Electric Bike,3,2025.08
2023-01-12,Mountain Bike,2,737.79
2023-01-12,Road Bike,1,1377.2
2023-01-12,Hybrid Bike,2,663.34
2023-01-12,Kids Bike,0,263.8
2023-01-12,Electric Bike,0,2055.55
2023-01-13,Mountain Bike,1,836.37
2023-01-13,Road Bike,2,1384.34
2023-01-13,Hybrid Bike,2,676.97
2023-01-13,Kids Bike,0,215.19
2023-01-13,Electric Bike,2,1670.8
2023-01-14,Mountain Bike,2,831.5
2023-01-14,Road Bike,1,1241.07
2023-01-14,Hybrid Bike,4,584.03
2023-01-14,Kids Bike,3,241.53
2023-01-14,Electric Bike,4,1893.57
2023-01-15,Mountain Bike,1,725.0
2023-01-15,Road Bike,2,1140.7
2023-01-15,Hybrid Bike,5,576.47
2023-01-15,Kids Bike,2,218.22
2023-01-15,Electric Bike,1,2196.73
2023-01-16,Mountain Bike,2,852.33
2023-01-16,Road Bike,1,1150.44
2023-01-16,Hybrid Bike,3,573.81
2023-01-16,Kids Bike,2,246.72
2023-01-16,Electric Bike,2,1948.22
2023-01-17,Mountain Bike,1,741.49
2023-01-17,Road Bike,0,1300.85
2023-01-17,Hybrid Bike,4,556.78
2023-01-17,Kids Bike,0,240.97
2023-01-17,Electric Bike,3,2087.54
2023-01-18,Mountain Bike,2,759.12
2023-01-18,Road Bike,2,1339.82
2023-01-18,Hybrid Bike,4,591.93
2023-01-18,Kids Bike,3,278.22
2023-01-18,Electric Bike,4,1900.91
2023-01-19,Mountain Bike,3,865.3
2023-01-19,Road Bike,2,1142.85
2023-01-19,Hybrid Bike,3,595.07
2023-01-19,Kids Bike,0,246.5
2023-01-19,Electric Bike,3,2130.76
2023-01-20,Mountain Bike,0,736.58
2023-01-20,Road Bike,0,1344.52
2023-01-20,Hybrid Bike,2,551.07
2023-01-20,Kids Bike,1,251.54
2023-01-20,Electric Bike,2,2186.57
2023-01-21,Mountain Bike,2,798.44
2023-01-21,Road Bike,2,1213.29
2023-01-21,Hybrid Bike,3,579.18
2023-01-21,Kids Bike,2,234.53
2023-01-21,Electric Bike,3,1994.37
2023-01-22,Mountain Bike,5,857.71
2023-01-22,Road Bike,3,1372.85
2023-01-22,Hybrid Bike,3,536.81
2023-01-22,Kids Bike,2,218.72
2023-01-22,Electric Bike,2,2147.84
2023-01-23,Mountain Bike,2,842.34
2023-01-23,Road Bike,3,1292.08
2023-01-23,Hybrid Bike,1,539.26
2023-01-23,Kids Bike,0,204.05
2023-01-23,Electric Bike,2,1680.43
2023-01-24,Mountain Bike,2,704.83
2023-01-24,Road Bike,1,1450.32
2023-01-24,Hybrid Bike,1,647.51
2023-01-24,Kids Bike,0,244.42
2023-01-24,Electric Bike,3,1745.11
2023-01-25,Mountain Bike,2,798.13
2023-01-25,Road Bike,0,1307.63
2023-01-25,Hybrid Bike,2,576.52
2023-01-25,Kids Bike,1,245.18
2023-01-25,Electric Bike,3,2043.51
2023-01-26,Mountain Bike,0,774.85
2023-01-26,Road Bike,1,1378.15
2023-01-26,Hybrid Bike,2,594.94
2023-01-26,Kids Bike,2,232.93
2023-01-26,Electric Bike,2,2102.74
2023-01-27,Mountain Bike,1,762.56
2023-01-27,Road Bike,2,1211.97
2023-01-27,Hybrid Bike,2,534.71
2023-01-27,Kids Bike,2,269.54
2023-01-27,Electric Bike,3,1693.48
2023-01-28,Mountain Bike,3,738.93
2023-01-28,Road Bike,2,1219.83
2023-01-28,Hybrid Bike,5,529.2
2023-01-28,Kids Bike,2,278.59
2023-01-28,Electric Bike,5,1828.3
2023-01-29,Mountain Bike,3,821.01
2023-01-29,Road Bike,3,1138.54
2023-01-29,Hybrid Bike,6,619.33
2023-01-29,Kids Bike,0,250.04
2023-01-29,Electric Bike,4,1924.12
2023-01-30,Mountain Bike,1,811.61
2023-01-30,Road Bike,0,1259.52
2023-01-30,Hybrid Bike,4,664.58
2023-01-30,Kids Bike,1,207.98
2023-01-30,Electric Bike,2,2014.29
2023-01-31,Mountain Bike,2,731.52
2023-01-31,Road Bike,2,1362.47
2023-01-31,Hybrid Bike,4,638.15
2023-01-31,Kids Bike,1,265.74
2023-01-31,Electric Bike,0,1986.06
2023-02-01,Mountain Bike,0,887.62
2023-02-01,Road Bike,0,1390.05
2023-02-01,Hybrid Bike,1,613.53
2023-02-01,Kids Bike,3,225.43
2023-02-01,Electric Bike,2,1610.3
2023-02-02,Mountain Bike,0,776.17
2023-02-02,Road Bike,1,1488.25
2023-02-02,Hybrid Bike,4,620.08
2023-02-02,Kids Bike,2,242.94
2023-02-02,Electric Bike,4,2103.82
2023-02-03,Mountain Bike,1,853.28
2023-02-03,Road Bike,2,1118.92
2023-02-03,Hybrid Bike,4,654.7
2023-02-03,Kids Bike,1,278.17
2023-02-03,Electric Bike,0,1652.46
2023-02-04,Mountain Bike,2,888.56
2023-02-04,Road Bike,2,1100.32
2023-02-04,Hybrid Bike,5,573.3
2023-02-04,Kids Bike,1,279.48
2023-02-04,Electric Bike,4,1865.59
2023-02-05,Mountain Bike,3,792.45
2023-02-05,Road Bike,4,840.1
2023-02-05,Hybrid Bike,4,566.48
2023-02-05,Kids Bike,4,294.14
2023-02-05,Electric Bike,4,1881.29
2023-02-06,Mountain Bike,0,810.32
2023-02-06,Road Bike,0,1138.75
2023-02-06,Hybrid Bike,2,644.32
2023-02-06,Kids Bike,1,229.57
2023-02-06,Electric Bike,4,2084.2
2023-02-07,Mountain Bike,3,809.81
2023-02-07,Road Bike,2,1166.69
2023-02-07,Hybrid Bike,1,662.18
2023-02-07,Kids Bike,1,207.28
2023-02-07,Electric Bike,2,1768.57
2023-02-08,Mountain Bike,1,819.53
2023-02-08,Road Bike,0,1192.48
2023-02-08,Hybrid Bike,3,654.85
2023-02-08,Kids Bike,1,212.0
2023-02-08,Electric Bike,4,1746.5
2023-02-09,Mountain Bike,3,808.06
2023-02-09,Road Bike,1,1224.36
2023-02-09,Hybrid Bike,3,647.32
2023-02-09,Kids Bike,2,280.26
2023-02-09,Electric Bike,4,1674.8
2023-02-10,Mountain Bike,1,719.8
2023-02-10,Road Bike,3,1164.52
2023-02-10,Hybrid Bike,3,528.61
2023-02-10,Kids Bike,2,257.85
2023-02-10,Electric Bike,2,2184.26
2023-02-11,Mountain Bike,3,733.01
2023-02-11,Road Bike,2,1385.75
2023-02-11,Hybrid Bike,4,589.5
2023-02-11,Kids Bike,3,239.08
2023-02-11,Electric Bike,5,1892.06
2023-02-12,Mountain Bike,3,775.86
2023-02-12,Road Bike,2,1287.62
2023-02-12,Hybrid Bike,5,678.03
2023-02-12,Kids Bike,1,264.34
2023-02-12,Electric Bike,5,2178.79
2023-02-13,Mountain Bike,2,699.58
2023-02-13,Road Bike,0,1163.4
2023-02-13,Hybrid Bike,0,533.27
2023-02-13,Kids Bike,2,203.1
2023-02-13,Electric Bike,3,1678.69
2023-02-14,Mountain Bike,2,712.79
2023-02-14,Road Bike,2,1246.88
2023-02-14,Hybrid Bike,1,592.38
2023-02-14,Kids Bike,1,259.91
2023-02-14,Electric Bike,3,2020.28
2023-02-15,Mountain Bike,2,728.52
2023-02-15,Road Bike,3,1388.57
2023-02-15,Hybrid Bike,1,579.23
2023-02-15,Kids Bike,1,230.3
2023-02-15,Electric Bike,3,1611.36
2023-02-16,Mountain Bike,0,840.07
2023-02-16,Road Bike,3,1156.36
2023-02-16,Hybrid Bike,0,674.97
2023-02-16,Kids Bike,0,298.99
2023-02-16,Electric Bike,4,1974.44
2023-02-17,Mountain Bike,2,774.55
2023-02-17,Road Bike,2,1435.11
2023-02-17,Hybrid Bike,0,555.74
2023-02-17,Kids Bike,3,275.24
2023-02-17,Electric Bike,4,1792.12
2023-02-18,Mountain Bike,2,769.04
2023-02-18,Road Bike,0,1474.98
2023-02-18,Hybrid Bike,4,604.29
2023-02-18,Kids Bike,3,217.64
2023-02-18,Electric Bike,4,1936.98
2023-02-19,Mountain Bike,5,889.79
2023-02-19,Road Bike,2,1462.29
2023-02-19,Hybrid Bike,2,665.19
2023-02-19,Kids Bike,3,227.26
2023-02-19,Electric Bike,5,1652.81
2023-02-20,Mountain Bike,0,873.27
2023-02-20,Road Bike,2,1117.68
2023-02-20,Hybrid Bike,2,657.11
2023-02-20,Kids Bike,0,269.23
2023-02-20,Electric Bike,4,1810.15
2023-02-21,Mountain Bike,3,770.92
2023-02-21,Road Bike,1,1259.76
2023-02-21,Hybrid Bike,1,540.87
2023-02-21,Kids Bike,1,256.66
2023-02-21,Electric Bike,1,1908.64
2023-02-22,Mountain Bike,0,792.19
2023-02-22,Road Bike,0,1285.48
2023-02-22,Hybrid Bike,3,621.53
2023-02-22,Kids Bike,1,238.16
2023-02-22,Electric Bike,1,1849.71
2023-02-23,Mountain Bike,1,772.64
2023-02-23,Road Bike,0,1478.61
2023-02-23,Hybrid Bike,1,623.23
2023-02-23,Kids Bike,2,275.99
2023-02-23,Electric Bike,3,1946.03
2023-02-24,Mountain Bike,0,880.62
2023-02-24,Road Bike,2,1202.05
2023-02-24,Hybrid Bike,2,592.1
2023-02-24,Kids Bike,0,264.09
2023-02-24,Electric Bike,3,1653.55
2023-02-25,Mountain Bike,3,709.35
2023-02-25,Road Bike,2,1252.49
2023-02-25,Hybrid Bike,2,655.38
2023-02-25,Kids Bike,1,252.2
2023-02-25,Electric Bike,7,1895.14
2023-02-26,Mountain Bike,3,724.63
2023-02-26,Road Bike,4,1246.01
2023-02-26,Hybrid Bike,4,544.9
2023-02-26,Kids Bike,1,295.95
2023-02-26,Electric Bike,3,1694.74
2023-02-27,Mountain Bike,0,726.13
2023-02-27,Road Bike,3,1328.33
2023-02-27,Hybrid Bike,2,543.04
2023-02-27,Kids Bike,2,273.27
2023-02-27,Electric Bike,2,1733.06
2023-02-28,Mountain Bike,1,834.12
2023-02-28,Road Bike,1,1453.08
2023-02-28,Hybrid Bike,2,571.82
2023-02-28,Kids Bike,1,223.23
2023-02-28,Electric Bike,2,1728.56
2023-03-01,Mountain Bike,2,764.79
2023-03-01,Road Bike,5,1491.61
2023-03-01,Hybrid Bike,1,560.21
2023-03-01,Kids Bike,2,248.67
2023-03-01,Electric Bike,3,2055.69
2023-03-02,Mountain Bike,4,797.65
2023-03-02,Road Bike,3,1099.18
2023-03-02,Hybrid Bike,1,665.34
2023-03-02,Kids Bike,3,275.41
2023-03-02,Electric Bike,3,1734.78
2023-03-03,Mountain Bike,1,757.73
2023-03-03,Road Bike,0,1112.35
2023-03-03,Hybrid Bike,3,637.8
2023-03-03,Kids Bike,1,201.99
2023-03-03,Electric Bike,0,1964.68
2023-03-04,Mountain Bike,3,723.18
2023-03-04,Road Bike,4,998.78
2023-03-04,Hybrid Bike,5,530.15
2023-03-04,Kids Bike,4,266.39
2023-03-04,Electric Bike,6,1879.81
2023-03-05,Mountain Bike,3,706.85
2023-03-05,Road Bike,5,1250.73
2023-03-05,Hybrid Bike,5,541.35
2023-03-05,Kids Bike,1,209.58
2023-03-05,Electric Bike,5,1822.08
2023-03-06,Mountain Bike,3,709.02
2023-03-06,Road Bike,4,1374.47
2023-03-06,Hybrid Bike,2,612.28
2023-03-06,Kids Bike,2,272.89
2023-03-06,Electric Bike,5,2187.06
2023-03-07,Mountain Bike,2,838.04
2023-03-07,Road Bike,1,1261.8
2023-03-07,Hybrid Bike,1,556.41
2023-03-07,Kids Bike,0,247.23
2023-03-07,Electric Bike,2,1786.49
2023-03-08,Mountain Bike,0,719.24
2023-03-08,Road Bike,2,1164.04
2023-03-08,Hybrid Bike,0,672.65
2023-03-08,Kids Bike,2,213.2
2023-03-08,Electric Bike,3,2119.98
2023-03-09,Mountain Bike,4,831.21
2023-03-09,Road Bike,1,1286.35
2023-03-09,Hybrid Bike,1,523.04
2023-03-09,Kids Bike,1,217.66
2023-03-09,Electric Bike,2,1848.17
2023-03-10,Mountain Bike,3,742.8
2023-03-10,Road Bike,4,1112.85
2023-03-10,Hybrid Bike,4,543.52
2023-03-10,Kids Bike,0,277.7
2023-03-10,Electric Bike,4,1855.38
2023-03-11,Mountain Bike,4,778.64
2023-03-11,Road Bike,8,1313.75
2023-03-11,Hybrid Bike,4,585.68
2023-03-11,Kids Bike,1,255.78
2023-03-11,Electric Bike,4,2155.31
2023-03-12,Mountain Bike,4,776.39
2023-03-12,Road Bike,3,1341.42
2023-03-12,Hybrid Bike,4,631.99
2023-03-12,Kids Bike,1,202.17
2023-03-12,Electric Bike,4,1745.27
2023-03-13,Mountain Bike,2,742.02
2023-03-13,Road Bike,4,1108.34
2023-03-13,Hybrid Bike,2,649.6
2023-03-13,Kids Bike,1,293.54
2023-03-13,Electric Bike,2,1601.81
2023-03-14,Mountain Bike,1,743.93
2023-03-14,Road Bike,1,1407.44
2023-03-14,Hybrid Bike,3,593.61
2023-03-14,Kids Bike,1,237.01
2023-03-14,Electric Bike,4,1872.02
2023-03-15,Mountain Bike,2,770.36
2023-03-15,Road Bike,3,1388.95
2023-03-15,Hybrid Bike,4,553.88
2023-03-15,Kids Bike,2,291.56
2023-03-15,Electric Bike,3,1844.85
2023-03-16,Mountain Bike,1,850.01
2023-03-16,Road Bike,3,1270.03
2023-03-16,Hybrid Bike,4,620.16
2023-03-16,Kids Bike,1,251.87
2023-03-16,Electric Bike,3,1753.25
2023-03-17,Mountain Bike,3,722.29
2023-03-17,Road Bike,3,1191.86
2023-03-17,Hybrid Bike,2,561.96
2023-03-17,Kids Bike,1,293.24
2023-03-17,Electric Bike,3,1806.89
2023-03-18,Mountain Bike,5,896.85
2023-03-18,Road Bike,7,1410.14
2023-03-18,Hybrid Bike,4,542.75
2023-03-18,Kids Bike,3,268.38
2023-03-18,Electric Bike,4,1683.53
2023-03-19,Mountain Bike,3,841.09
2023-03-19,Road Bike,5,1231.47
2023-03-19,Hybrid Bike,3,579.29
2023-03-19,Kids Bike,3,270.57
2023-03-19,Electric Bike,5,1860.89
2023-03-20,Mountain Bike,1,876.57
2023-03-20,Road Bike,2,1352.54
2023-03-20,Hybrid Bike,1,644.96
2023-03-20,Kids Bike,1,214.93
2023-03-20,Electric Bike,0,1997.96
2023-03-21,Mountain Bike,1,821.82
2023-03-21,Road Bike,6,1350.89
2023-03-21,Hybrid Bike,2,600.5
2023-03-21,Kids Bike,1,274.1
2023-03-21,Electric Bike,3,2016.55
2023-03-22,Mountain Bike,3,769.72
2023-03-22,Road Bike,2,1134.88
2023-03-22,Hybrid Bike,2,523.61
2023-03-22,Kids Bike,2,252.61
2023-03-22,Electric Bike,1,1932.84
2023-03-23,Mountain Bike,4,880.59
2023-03-23,Road Bike,1,1109.24
2023-03-23,Hybrid Bike,2,624.13
2023-03-23,Kids Bike,2,282.83
2023-03-23,Electric Bike,5,1952.58
2023-03-24,Mountain Bike,1,778.4
2023-03-24,Road Bike,4,1409.8
2023-03-24,Hybrid Bike,2,489.84
2023-03-24,Kids Bike,1,277.88
2023-03-24,Electric Bike,2,1858.43
2023-03-25,Mountain Bike,3,774.68
2023-03-25,Road Bike,5,1420.16
2023-03-25,Hybrid Bike,3,550.59
2023-03-25,Kids Bike,2,224.05
2023-03-25,Electric Bike,5,2162.53
2023-03-26,Mountain Bike,2,750.01
2023-03-26,Road Bike,6,1371.95
2023-03-26,Hybrid Bike,1,603.47
2023-03-26,Kids Bike,2,207.04
2023-03-26,Electric Bike,6,2073.59
2023-03-27,Mountain Bike,3,799.59
2023-03-27,Road Bike,3,1357.15
2023-03-27,Hybrid Bike,2,568.93
2023-03-27,Kids Bike,2,283.12
2023-03-27,Electric Bike,2,1658.82
2023-03-28,Mountain Bike,2,773.25
2023-03-28,Road Bike,2,1224.73
2023-03-28,Hybrid Bike,3,531.87
2023-03-28,Kids Bike,2,200.1
2023-03-28,Electric Bike,0,2056.13
2023-03-29,Mountain Bike,1,896.14
2023-03-29,Road Bike,1,1109.89
2023-03-29,Hybrid Bike,0,644.98
2023-03-29,Kids Bike,1,220.59
2023-03-29,Electric Bike,3,2079.34
2023-03-30,Mountain Bike,2,754.62
2023-03-30,Road Bike,0,1356.36
2023-03-30,Hybrid Bike,0,563.91
2023-03-30,Kids Bike,2,235.32
2023-03-30,Electric Bike,2,2030.66
2023-03-31,Mountain Bike,3,834.58
2023-03-31,Road Bike,5,1147.84
2023-03-31,Hybrid Bike,2,641.42
2023-03-31,Kids Bike,1,231.39
2023-03-31,Electric Bike,3,1632.77
2023-04-01,Mountain Bike,3,815.54
2023-04-01,Road Bike,7,1225.98
2023-04-01,Hybrid Bike,7,594.46
2023-04-01,Kids Bike,2,246.4
2023-04-01,Electric Bike,6,1919.87
2023-04-02,Mountain Bike,5,763.7
2023-04-02,Road Bike,10,1396.16
2023-04-02,Hybrid Bike,6,580.23
2023-04-02,Kids Bike,3,211.54
2023-04-02,Electric Bike,7,2105.46
2023-04-03,Mountain Bike,2,758.63
2023-04-03,Road Bike,5,1460.29
2023-04-03,Hybrid Bike,4,674.83
2023-04-03,Kids Bike,2,269.28
2023-04-03,Electric Bike,4,1953.56
2023-04-04,Mountain Bike,3,834.8
2023-04-04,Road Bike,6,1366.3
2023-04-04,Hybrid Bike,2,572.86
2023-04-04,Kids Bike,2,199.51
2023-04-04,Electric Bike,3,2140.93
2023-04-05,Mountain Bike,3,880.26
2023-04-05,Road Bike,6,1466.66
2023-04-05,Hybrid Bike,5,531.08
2023-04-05,Kids Bike,4,297.14
2023-04-05,Electric Bike,3,2105.16
2023-04-06,Mountain Bike,5,842.6
2023-04-06,Road Bike,2,1284.52
2023-04-06,Hybrid Bike,3,541.76
2023-04-06,Kids Bike,3,189.11
2023-04-06,Electric Bike,4,1815.0
2023-04-07,Mountain Bike,1,642.65
2023-04-07,Road Bike,4,1413.22
2023-04-07,Hybrid Bike,4,520.23
2023-04-07,Kids Bike,2,212.07
2023-04-07,Electric Bike,4,1816.56
2023-04-08,Mountain Bike,5,735.28
2023-04-08,Road Bike,9,1179.97
2023-04-08,Hybrid Bike,6,669.32
2023-04-08,Kids Bike,3,256.07
2023-04-08,Electric Bike,8,1888.42
2023-04-09,Mountain Bike,7,715.02
2023-04-09,Road Bike,6,1082.72
2023-04-09,Hybrid Bike,6,547.93
2023-04-09,Kids Bike,5,213.75
2023-04-09,Electric Bike,6,2048.17
2023-04-10,Mountain Bike,4,719.81
2023-04-10,Road Bike,4,1333.53
2023-04-10,Hybrid Bike,3,583.17
2023-04-10,Kids Bike,4,264.15
2023-04-10,Electric Bike,3,1984.83
2023-04-11,Mountain Bike,2,790.88
2023-04-11,Road Bike,5,1237.96
2023-04-11,Hybrid Bike,4,532.69
2023-04-11,Kids Bike,1,238.76
2023-04-11,Electric Bike,5,1629.84
2023-04-12,Mountain Bike,2,723.32
2023-04-12,Road Bike,5,1434.45
2023-04-12,Hybrid Bike,2,564.06
2023-04-12,Kids Bike,2,275.86
2023-04-12,Electric Bike,6,1977.99
2023-04-13,Mountain Bike,3,826.02
2023-04-13,Road Bike,5,1315.69
2023-04-13,Hybrid Bike,3,586.25
2023-04-13,Kids Bike,3,272.14
2023-04-13,Electric Bike,5,1657.15
2023-04-14,Mountain Bike,2,724.85
2023-04-14,Road Bike,6,1275.2
2023-04-14,Hybrid Bike,3,604.58
2023-04-14,Kids Bike,4,231.96
2023-04-14,Electric Bike,4,1686.82
2023-04-15,Mountain Bike,4,873.6
2023-04-15,Road Bike,8,1313.39
2023-04-15,Hybrid Bike,5,569.07
2023-04-15,Kids Bike,4,214.52
2023-04-15,Electric Bike,6,1742.66
2023-04-16,Mountain Bike,7,858.85
2023-04-16,Road Bike,10,1458.85
2023-04-16,Hybrid Bike,7,643.87
2023-04-16,Kids Bike,3,250.66
2023-04-16,Electric Bike,7,1665.47
2023-04-17,Mountain Bike,5,875.1
2023-04-17,Road Bike,6,1470.95
2023-04-17,Hybrid Bike,5,591.63
2023-04-17,Kids Bike,3,220.96
2023-04-17,Electric Bike,6,1870.7
2023-04-18,Mountain Bike,4,706.15
2023-04-18,Road Bike,4,1212.29
2023-04-18,Hybrid Bike,4,621.15
2023-04-18,Kids Bike,4,212.99
2023-04-18,Electric Bike,3,1979.02
2023-04-19,Mountain Bike,3,868.65
2023-04-19,Road Bike,8,1329.88
2023-04-19,Hybrid Bike,3,656.79
2023-04-19,Kids Bike,2,225.93
2023-04-19,Electric Bike,5,2039.28
2023-04-20,Mountain Bike,1,736.62
2023-04-20,Road Bike,3,1223.3
2023-04-20,Hybrid Bike,3,649.81
2023-04-20,Kids Bike,4,250.32
2023-04-20,Electric Bike,2,1972.32
2023-04-21,Mountain Bike,3,748.73
2023-04-21,Road Bike,7,1204.33
2023-04-21,Hybrid Bike,5,566.24
2023-04-21,Kids Bike,3,213.73
2023-04-21,Electric Bike,4,1640.4
2023-04-22,Mountain Bike,3,844.22
2023-04-22,Road Bike,5,1160.85
2023-04-22,Hybrid Bike,3,528.28
2023-04-22,Kids Bike,5,206.92
2023-04-22,Electric Bike,7,2182.87
2023-04-23,Mountain Bike,4,817.98
2023-04-23,Road Bike,8,1495.3
2023-04-23,Hybrid Bike,5,550.42
2023-04-23,Kids Bike,4,235.81
2023-04-23,Electric Bike,10,2135.54
2023-04-24,Mountain Bike,3,772.11
2023-04-24,Road Bike,2,1471.7
2023-04-24,Hybrid Bike,4,527.1
2023-04-24,Kids Bike,3,200.22
2023-04-24,Electric Bike,6,1710.24
2023-04-25,Mountain Bike,3,782.07
2023-04-25,Road Bike,5,1226.13
2023-04-25,Hybrid Bike,3,573.79
2023-04-25,Kids Bike,3,265.55
2023-04-25,Electric Bike,5,1915.67
2023-04-26,Mountain Bike,1,862.35
2023-04-26,Road Bike,4,1281.39
2023-04-26,Hybrid Bike,5,616.15
2023-04-26,Kids Bike,2,216.6
2023-04-26,Electric Bike,6,1963.38
2023-04-27,Mountain Bike,3,749.13
2023-04-27,Road Bike,3,1277.05
2023-04-27,Hybrid Bike,3,526.87
2023-04-27,Kids Bike,2,276.63
2023-04-27,Electric Bike,5,2140.55
2023-04-28,Mountain Bike,1,883.12
2023-04-28,Road Bike,3,1349.09
2023-04-28,Hybrid Bike,4,572.82
2023-04-28,Kids Bike,2,271.46
2023-04-28,Electric Bike,7,1804.69
2023-04-29,Mountain Bike,3,746.09
2023-04-29,Road Bike,10,1386.83
2023-04-29,Hybrid Bike,5,613.23
2023-04-29,Kids Bike,6,282.25
2023-04-29,Electric Bike,8,2055.14
2023-04-30,Mountain Bike,4,826.3
2023-04-30,Road Bike,9,1165.4
2023-04-30,Hybrid Bike,9,633.32
2023-04-30,Kids Bike,2,231.83
2023-04-30,Electric Bike,6,1904.89
2023-05-01,Mountain Bike,6,735.29
2023-05-01,Road Bike,3,1298.93
2023-05-01,Hybrid Bike,6,536.42
2023-05-01,Kids Bike,8,207.13
2023-05-01,Electric Bike,6,1748.11
2023-05-02,Mountain Bike,8,784.49
2023-05-02,Road Bike,5,1185.54
2023-05-02,Hybrid Bike,3,594.4
2023-05-02,Kids Bike,6,288.2
2023-05-02,Electric Bike,6,2035.55
2023-05-03,Mountain Bike,6,736.53
2023-05-03,Road Bike,8,1254.64
2023-05-03,Hybrid Bike,5,528.19
2023-05-03,Kids Bike,8,209.74
2023-05-03,Electric Bike,7,1659.06
2023-05-04,Mountain Bike,4,706.3
2023-05-04,Road Bike,8,1323.76
2023-05-04,Hybrid Bike,4,540.06
2023-05-04,Kids Bike,7,239.73
2023-05-04,Electric Bike,7,2196.67
2023-05-05,Mountain Bike,7,767.14
2023-05-05,Road Bike,8,1386.16
2023-05-05,Hybrid Bike,7,627.92
2023-05-05,Kids Bike,8,272.91
2023-05-05,Electric Bike,6,1913.0
2023-05-06,Mountain Bike,11,789.59
2023-05-06,Road Bike,6,1267.81
2023-05-06,Hybrid Bike,9,561.03
2023-05-06,Kids Bike,12,267.97
2023-05-06,Electric Bike,12,2079.01
2023-05-07,Mountain Bike,11,704.22
2023-05-07,Road Bike,7,926.42
2023-05-07,Hybrid Bike,7,613.26
2023-05-07,Kids Bike,8,276.82
2023-05-07,Electric Bike,8,1833.61
2023-05-08,Mountain Bike,6,701.9
2023-05-08,Road Bike,8,1163.84
2023-05-08,Hybrid Bike,5,662.55
2023-05-08,Kids Bike,5,203.87
2023-05-08,Electric Bike,8,1879.57
2023-05-09,Mountain Bike,8,862.1
2023-05-09,Road Bike,4,1186.85
2023-05-09,Hybrid Bike,3,634.72
2023-05-09,Kids Bike,8,225.81
2023-05-09,Electric Bike,8,1809.44
2023-05-10,Mountain Bike,5,789.44
2023-05-10,Road Bike,6,1209.7
2023-05-10,Hybrid Bike,5,636.68
2023-05-10,Kids Bike,11,253.06
2023-05-10,Electric Bike,7,2168.29
2023-05-11,Mountain Bike,7,872.06
2023-05-11,Road Bike,8,1333.14
2023-05-11,Hybrid Bike,6,662.17
2023-05-11,Kids Bike,8,295.43
2023-05-11,Electric Bike,6,2029.02
2023-05-12,Mountain Bike,7,808.15
2023-05-12,Road Bike,7,1338.31
2023-05-12,Hybrid Bike,4,584.68
2023-05-12,Kids Bike,6,279.05
2023-05-12,Electric Bike,6,1894.34
2023-05-13,Mountain Bike,11,822.2
2023-05-13,Road Bike,12,1263.22
2023-05-13,Hybrid Bike,6,549.51
2023-05-13,Kids Bike,14,217.75
2023-05-13,Electric Bike,10,2107.19
2023-05-14,Mountain Bike,6,821.46
2023-05-14,Road Bike,11,1332.92
2023-05-14,Hybrid Bike,8,661.39
2023-05-14,Kids Bike,14,293.52
2023-05-14,Electric Bike,9,2127.77
2023-05-15,Mountain Bike,5,841.33
2023-05-15,Road Bike,7,1397.2
2023-05-15,Hybrid Bike,5,566.81
2023-05-15,Kids Bike,5,238.72
2023-05-15,Electric Bike,4,1969.6
2023-05-16,Mountain Bike,6,740.02
2023-05-16,Road Bike,5,1249.13
2023-05-16,Hybrid Bike,5,598.2
2023-05-16,Kids Bike,8,231.52
2023-05-16,Electric Bike,8,1863.49
2023-05-17,Mountain Bike,8,758.64
2023-05-17,Road Bike,5,1308.53
2023-05-17,Hybrid Bike,3,533.05
2023-05-17,Kids Bike,5,268.77
2023-05-17,Electric Bike,5,2004.4
2023-05-18,Mountain Bike,5,874.48
2023-05-18,Road Bike,6,1469.21
2023-05-18,Hybrid Bike,4,567.77
2023-05-18,Kids Bike,5,298.17
2023-05-18,Electric Bike,7,1966.31
2023-05-19,Mountain Bike,8,814.36
2023-05-19,Road Bike,3,1318.72
2023-05-19,Hybrid Bike,3,579.27
2023-05-19,Kids Bike,6,215.23
2023-05-19,Electric Bike,4,2100.33
2023-05-20,Mountain Bike,13,763.29
2023-05-20,Road Bike,10,1215.46
2023-05-20,Hybrid Bike,7,669.89
2023-05-20,Kids Bike,12,271.19
2023-05-20,Electric Bike,13,2100.12
2023-05-21,Mountain Bike,11,699.01
2023-05-21,Road Bike,8,1237.33
2023-05-21,Hybrid Bike,9,607.27
2023-05-21,Kids Bike,10,297.07
2023-05-21,Electric Bike,8,2048.38
2023-05-22,Mountain Bike,8,798.74
2023-05-22,Road Bike,9,1211.02
2023-05-22,Hybrid Bike,4,563.48
2023-05-22,Kids Bike,6,222.71
2023-05-22,Electric Bike,4,2130.58
2023-05-23,Mountain Bike,4,882.59
2023-05-23,Road Bike,6,1125.3
2023-05-23,Hybrid Bike,5,624.95
2023-05-23,Kids Bike,6,282.84
2023-05-23,Electric Bike,5,2097.57
2023-05-24,Mountain Bike,6,849.01
2023-05-24,Road Bike,5,1476.4
2023-05-24,Hybrid Bike,3,551.2
2023-05-24,Kids Bike,7,278.28
2023-05-24,Electric Bike,7,1810.74
2023-05-25,Mountain Bike,8,793.79
2023-05-25,Road Bike,9,1177.47
2023-05-25,Hybrid Bike,5,672.56
2023-05-25,Kids Bike,8,207.31
2023-05-25,Electric Bike,5,1759.2
2023-05-26,Mountain Bike,4,858.1
2023-05-26,Road Bike,6,1294.01
2023-05-26,Hybrid Bike,4,615.13
2023-05-26,Kids Bike,6,237.91
2023-05-26,Electric Bike,5,1957.28
2023-05-27,Mountain Bike,10,866.38
2023-05-27,Road Bike,14,1468.55
2023-05-27,Hybrid Bike,7,637.64
2023-05-27,Kids Bike,11,224.45
2023-05-27,Electric Bike,7,2145.52
2023-05-28,Mountain Bike,9,574.28
2023-05-28,Road Bike,9,1337.72
2023-05-28,Hybrid Bike,7,646.55
2023-05-28,Kids Bike,11,268.82
2023-05-28,Electric Bike,8,2180.86
2023-05-29,Mountain Bike,7,815.63
2023-05-29,Road Bike,6,1108.37
2023-05-29,Hybrid Bike,5,671.76
2023-05-29,Kids Bike,5,262.53
2023-05-29,Electric Bike,7,1980.38
2023-05-30,Mountain Bike,8,774.8
2023-05-30,Road Bike,7,1485.33
2023-05-30,Hybrid Bike,2,631.77
2023-05-30,Kids Bike,4,240.72
2023-05-30,Electric Bike,5,1637.52
2023-05-31,Mountain Bike,4,796.94
2023-05-31,Road Bike,8,1387.08
2023-05-31,Hybrid Bike,9,653.52
2023-05-31,Kids Bike,9,235.51
2023-05-31,Electric Bike,7,2006.39
2023-06-01,Mountain Bike,4,813.77
2023-06-01,Road Bike,6,928.39
2023-06-01,Hybrid Bike,6,605.47
2023-06-01,Kids Bike,3,268.95
2023-06-01,Electric Bike,7,2032.21
2023-06-02,Mountain Bike,7,853.09
2023-06-02,Road Bike,6,1263.2
2023-06-02,Hybrid Bike,5,592.76
2023-06-02,Kids Bike,3,298.49
2023-06-02,Electric Bike,8,1762.03
2023-06-03,Mountain Bike,9,816.93
2023-06-03,Road Bike,8,1420.8
2023-06-03,Hybrid Bike,8,530.34
2023-06-03,Kids Bike,5,218.27
2023-06-03,Electric Bike,8,1716.45
2023-06-04,Mountain Bike,10,834.77
2023-06-04,Road Bike,8,1162.87
2023-06-04,Hybrid Bike,7,541.22
2023-06-04,Kids Bike,4,285.02
2023-06-04,Electric Bike,12,1834.29
2023-06-05,Mountain Bike,6,882.55
2023-06-05,Road Bike,7,1427.77
2023-06-05,Hybrid Bike,4,571.71
2023-06-05,Kids Bike,4,272.11
2023-06-05,Electric Bike,7,1664.79
2023-06-06,Mountain Bike,3,796.43
2023-06-06,Road Bike,5,1314.06
2023-06-06,Hybrid Bike,4,531.64
2023-06-06,Kids Bike,5,247.27
2023-06-06,Electric Bike,3,2030.92
2023-06-07,Mountain Bike,7,728.64
2023-06-07,Road Bike,6,1346.98
2023-06-07,Hybrid Bike,3,675.72
2023-06-07,Kids Bike,3,234.66
2023-06-07,Electric Bike,8,2060.49
2023-06-08,Mountain Bike,7,845.7
2023-06-08,Road Bike,7,1364.94
2023-06-08,Hybrid Bike,4,625.73
2023-06-08,Kids Bike,4,199.79
2023-06-08,Electric Bike,6,1884.69
2023-06-09,Mountain Bike,5,776.52
2023-06-09,Road Bike,6,1214.57
2023-06-09,Hybrid Bike,3,622.73
2023-06-09,Kids Bike,3,259.18
2023-06-09,Electric Bike,7,2136.47
2023-06-10,Mountain Bike,9,849.27
2023-06-10,Road Bike,7,1369.27
2023-06-10,Hybrid Bike,5,623.08
2023-06-10,Kids Bike,6,263.29
2023-06-10,Electric Bike,13,1932.77
2023-06-11,Mountain Bike,12,718.75
2023-06-11,Road Bike,9,1351.52
2023-06-11,Hybrid Bike,4,583.01
2023-06-11,Kids Bike,5,203.77
2023-06-11,Electric Bike,12,1930.78
2023-06-12,Mountain Bike,8,736.14
2023-06-12,Road Bike,3,1486.33
2023-06-12,Hybrid Bike,5,652.19
2023-06-12,Kids Bike,5,208.55
2023-06-12,Electric Bike,5,2185.01
2023-06-13,Mountain Bike,5,894.61
2023-06-13,Road Bike,8,1245.51
2023-06-13,Hybrid Bike,6,606.71
2023-06-13,Kids Bike,4,291.97
2023-06-13,Electric Bike,4,1852.57
2023-06-14,Mountain Bike,5,869.64
2023-06-14,Road Bike,6,1365.32
2023-06-14,Hybrid Bike,6,533.61
2023-06-14,Kids Bike,3,278.98
2023-06-14,Electric Bike,6,1714.98
2023-06-15,Mountain Bike,6,778.75
2023-06-15,Road Bike,6,1337.76
2023-06-15,Hybrid Bike,4,551.68
2023-06-15,Kids Bike,3,200.12
2023-06-15,Electric Bike,5,2121.45
2023-06-16,Mountain Bike,6,851.76
2023-06-16,Road Bike,5,1310.72
2023-06-16,Hybrid Bike,6,660.91
2023-06-16,Kids Bike,3,250.47
2023-06-16,Electric Bike,9,1988.82
2023-06-17,Mountain Bike,9,893.84
2023-06-17,Road Bike,10,1142.22
2023-06-17,Hybrid Bike,9,672.43
2023-06-17,Kids Bike,5,218.86
2023-06-17,Electric Bike,11,2062.43
2023-06-18,Mountain Bike,11,716.3
2023-06-18,Road Bike,8,1193.97
2023-06-18,Hybrid Bike,8,560.51
2023-06-18,Kids Bike,5,257.38
2023-06-18,Electric Bike,10,1712.85
2023-06-19,Mountain Bike,4,882.54
2023-06-19,Road Bike,7,1217.84
2023-06-19,Hybrid Bike,4,644.42
2023-06-19,Kids Bike,3,205.86
2023-06-19,Electric Bike,7,1821.0
2023-06-20,Mountain Bike,7,783.8
2023-06-20,Road Bike,8,1369.64
2023-06-20,Hybrid Bike,7,604.68
2023-06-20,Kids Bike,3,217.15
2023-06-20,Electric Bike,4,1704.59
2023-06-21,Mountain Bike,4,772.38
2023-06-21,Road Bike,7,1294.96
2023-06-21,Hybrid Bike,7,537.68
2023-06-21,Kids Bike,3,285.52
2023-06-21,Electric Bike,9,1662.55
2023-06-22,Mountain Bike,4,780.55
2023-06-22,Road Bike,4,1427.47
2023-06-22,Hybrid Bike,4,619.55
2023-06-22,Kids Bike,3,213.73
2023-06-22,Electric Bike,8,2152.24
2023-06-23,Mountain Bike,5,715.07
2023-06-23,Road Bike,5,1243.1
2023-06-23,Hybrid Bike,5,672.31
2023-06-23,Kids Bike,4,279.12
2023-06-23,Electric Bike,7,2144.31
2023-06-24,Mountain Bike,9,792.47
2023-06-24,Road Bike,11,1186.99
2023-06-24,Hybrid Bike,7,630.37
2023-06-24,Kids Bike,1,219.51
2023-06-24,Electric Bike,11,1625.63
2023-06-25,Mountain Bike,9,842.25
2023-06-25,Road Bike,13,1130.95
2023-06-25,Hybrid Bike,9,595.47
2023-06-25,Kids Bike,5,260.4
2023-06-25,Electric Bike,14,1912.69
2023-06-26,Mountain Bike,7,891.34
2023-06-26,Road Bike,8,1167.87
2023-06-26,Hybrid Bike,7,596.54
2023-06-26,Kids Bike,3,257.12
2023-06-26,Electric Bike,8,2195.19
2023-06-27,Mountain Bike,3,892.4
2023-06-27,Road Bike,6,1230.35
2023-06-27,Hybrid Bike,5,525.42
2023-06-27,Kids Bike,5,225.44
2023-06-27,Electric Bike,7,2133.8
2023-06-28,Mountain Bike,6,851.94
2023-06-28,Road Bike,7,1469.49
2023-06-28,Hybrid Bike,5,557.12
2023-06-28,Kids Bike,3,292.43
2023-06-28,Electric Bike,6,1761.77
2023-06-29,Mountain Bike,8,838.83
2023-06-29,Road Bike,5,1110.37
2023-06-29,Hybrid Bike,5,550.32
2023-06-29,Kids Bike,4,273.37
2023-06-29,Electric Bike,9,2138.07
2023-06-30,Mountain Bike,8,883.7
2023-06-30,Road Bike,6,1333.23
2023-06-30,Hybrid Bike,4,598.29
2023-06-30,Kids Bike,4,239.22
2023-06-30,Electric Bike,6,1643.08
2023-07-01,Mountain Bike,7,774.49
2023-07-01,Road Bike,8,1240.95
2023-07-01,Hybrid Bike,9,632.09
2023-07-01,Kids Bike,2,208.32
2023-07-01,Electric Bike,12,2115.55
2023-07-02,Mountain Bike,6,871.38
2023-07-02,Road Bike,9,1168.95
2023-07-02,Hybrid Bike,10,522.88
2023-07-02,Kids Bike,3,292.31
2023-07-02,Electric Bike,12,1603.62
2023-07-03,Mountain Bike,6,746.71
2023-07-03,Road Bike,4,842.05
2023-07-03,Hybrid Bike,5,615.01
2023-07-03,Kids Bike,1,256.3
2023-07-03,Electric Bike,10,1599.28
2023-07-04,Mountain Bike,8,727.12
2023-07-04,Road Bike,7,1474.37
2023-07-04,Hybrid Bike,4,540.3
2023-07-04,Kids Bike,5,272.6
2023-07-04,Electric Bike,6,1896.86
2023-07-05,Mountain Bike,4,843.46
2023-07-05,Road Bike,8,1397.54
2023-07-05,Hybrid Bike,4,520.38
2023-07-05,Kids Bike,3,233.29
2023-07-05,Electric Bike,7,2014.87
2023-07-06,Mountain Bike,3,804.91
2023-07-06,Road Bike,9,1110.18
2023-07-06,Hybrid Bike,5,591.58
2023-07-06,Kids Bike,3,288.44
2023-07-06,Electric Bike,9,1907.58
2023-07-07,Mountain Bike,6,831.05
2023-07-07,Road Bike,7,1384.74
2023-07-07,Hybrid Bike,6,660.96
2023-07-07,Kids Bike,4,214.05
2023-07-07,Electric Bike,6,1600.23
2023-07-08,Mountain Bike,8,750.09
2023-07-08,Road Bike,8,1311.5
2023-07-08,Hybrid Bike,9,657.1
2023-07-08,Kids Bike,4,262.88
2023-07-08,Electric Bike,11,1882.72
2023-07-09,Mountain Bike,9,790.65
2023-07-09,Road Bike,10,1272.16
2023-07-09,Hybrid Bike,6,582.3
2023-07-09,Kids Bike,5,258.74
2023-07-09,Electric Bike,12,2145.85
2023-07-10,Mountain Bike,5,831.38
2023-07-10,Road Bike,5,1360.7
2023-07-10,Hybrid Bike,5,639.84
2023-07-10,Kids Bike,2,269.36
2023-07-10,Electric Bike,7,2177.43
2023-07-11,Mountain Bike,4,811.63
2023-07-11,Road Bike,5,1238.31
2023-07-11,Hybrid Bike,4,672.32
2023-07-11,Kids Bike,3,225.94
2023-07-11,Electric Bike,9,2125.85
2023-07-12,Mountain Bike,4,771.88
2023-07-12,Road Bike,7,1478.46
2023-07-12,Hybrid Bike,4,534.59
2023-07-12,Kids Bike,5,276.15
2023-07-12,Electric Bike,9,1804.4
2023-07-13,Mountain Bike,6,718.66
2023-07-13,Road Bike,6,1452.63
2023-07-13,Hybrid Bike,5,568.75
2023-07-13,Kids Bike,3,231.0
2023-07-13,Electric Bike,11,1912.32
2023-07-14,Mountain Bike,6,777.56
2023-07-14,Road Bike,8,1397.25
2023-07-14,Hybrid Bike,4,650.59
2023-07-14,Kids Bike,4,205.02
2023-07-14,Electric Bike,6,1910.58
2023-07-15,Mountain Bike,11,856.75
2023-07-15,Road Bike,10,1417.3
2023-07-15,Hybrid Bike,8,523.56
2023-07-15,Kids Bike,6,207.93
2023-07-15,Electric Bike,14,1928.65
2023-07-16,Mountain Bike,8,836.29
2023-07-16,Road Bike,11,1310.05
2023-07-16,Hybrid Bike,9,548.52
2023-07-16,Kids Bike,4,219.64
2023-07-16,Electric Bike,14,1740.47
2023-07-17,Mountain Bike,7,740.26
2023-07-17,Road Bike,4,1381.29
2023-07-17,Hybrid Bike,5,602.48
2023-07-17,Kids Bike,4,287.63
2023-07-17,Electric Bike,8,1862.74
2023-07-18,Mountain Bike,6,756.44
2023-07-18,Road Bike,5,1457.66
2023-07-18,Hybrid Bike,5,547.98
2023-07-18,Kids Bike,1,268.67
2023-07-18,Electric Bike,8,1947.48
2023-07-19,Mountain Bike,8,795.03
2023-07-19,Road Bike,7,1366.15
2023-07-19,Hybrid Bike,5,539.89
2023-07-19,Kids Bike,3,295.66
2023-07-19,Electric Bike,3,1952.08
2023-07-20,Mountain Bike,6,806.0
2023-07-20,Road Bike,6,1232.97
2023-07-20,Hybrid Bike,5,532.91
2023-07-20,Kids Bike,4,222.65
2023-07-20,Electric Bike,5,1923.77
2023-07-21,Mountain Bike,6,872.75
2023-07-21,Road Bike,4,1318.86
2023-07-21,Hybrid Bike,4,586.74
2023-07-21,Kids Bike,3,255.1
2023-07-21,Electric Bike,8,1863.02
2023-07-22,Mountain Bike,12,891.71
2023-07-22,Road Bike,9,1149.01
2023-07-22,Hybrid Bike,9,567.18
2023-07-22,Kids Bike,6,273.0
2023-07-22,Electric Bike,12,1999.12
2023-07-23,Mountain Bike,9,798.19
2023-07-23,Road Bike,10,1262.21
2023-07-23,Hybrid Bike,9,649.21
2023-07-23,Kids Bike,5,239.7
2023-07-23,Electric Bike,11,1643.1
2023-07-24,Mountain Bike,4,852.52
2023-07-24,Road Bike,5,1202.95
2023-07-24,Hybrid Bike,7,669.5
2023-07-24,Kids Bike,3,289.31
2023-07-24,Electric Bike,8,1712.84
2023-07-25,Mountain Bike,7,857.09
2023-07-25,Road Bike,8,1388.06
2023-07-25,Hybrid Bike,6,584.07
2023-07-25,Kids Bike,2,208.41
2023-07-25,Electric Bike,8,2196.98
2023-07-26,Mountain Bike,3,858.25
2023-07-26,Road Bike,7,1190.66
2023-07-26,Hybrid Bike,6,595.3
2023-07-26,Kids Bike,2,260.47
2023-07-26,Electric Bike,9,2109.59
2023-07-27,Mountain Bike,7,748.69
2023-07-27,Road Bike,7,1330.25
2023-07-27,Hybrid Bike,4,676.44
2023-07-27,Kids Bike,2,245.85
2023-07-27,Electric Bike,5,1608.74
2023-07-28,Mountain Bike,6,712.21
2023-07-28,Road Bike,5,1256.88
2023-07-28,Hybrid Bike,3,638.17
2023-07-28,Kids Bike,4,213.64
2023-07-28,Electric Bike,9,1785.12
2023-07-29,Mountain Bike,8,781.67
2023-07-29,Road Bike,12,1113.36
2023-07-29,Hybrid Bike,9,522.84
2023-07-29,Kids Bike,5,294.24
2023-07-29,Electric Bike,11,2057.81
2023-07-30,Mountain Bike,11,810.41
2023-07-30,Road Bike,10,1223.23
2023-07-30,Hybrid Bike,7,677.02
2023-07-30,Kids Bike,5,288.27
2023-07-30,Electric Bike,8,1864.66
2023-07-31,Mountain Bike,5,838.37
2023-07-31,Road Bike,5,1498.42
2023-07-31,Hybrid Bike,8,641.81
2023-07-31,Kids Bike,3,243.36
2023-07-31,Electric Bike,4,2040.19
2023-08-01,Mountain Bike,5,760.5
2023-08-01,Road Bike,4,1165.44
2023-08-01,Hybrid Bike,6,666.17
2023-08-01,Kids Bike,3,280.77
2023-08-01,Electric Bike,8,1968.71
2023-08-02,Mountain Bike,6,772.06
2023-08-02,Road Bike,4,1452.0
2023-08-02,Hybrid Bike,8,668.73
2023-08-02,Kids Bike,2,216.82
2023-08-02,Electric Bike,5,1904.11
2023-08-03,Mountain Bike,7,744.11
2023-08-03,Road Bike,3,1231.61
2023-08-03,Hybrid Bike,5,538.43
2023-08-03,Kids Bike,2,223.03
2023-08-03,Electric Bike,6,1329.98
2023-08-04,Mountain Bike,7,735.46
2023-08-04,Road Bike,3,1130.42
2023-08-04,Hybrid Bike,5,558.76
2023-08-04,Kids Bike,1,263.91
2023-08-04,Electric Bike,5,2115.05
2023-08-05,Mountain Bike,6,870.03
2023-08-05,Road Bike,8,1465.12
2023-08-05,Hybrid Bike,8,542.77
2023-08-05,Kids Bike,3,249.75
2023-08-05,Electric Bike,8,1789.52
2023-08-06,Mountain Bike,8,782.34
2023-08-06,Road Bike,6,1100.23
2023-08-06,Hybrid Bike,8,674.6
2023-08-06,Kids Bike,6,267.28
2023-08-06,Electric Bike,11,1837.17
2023-08-07,Mountain Bike,6,820.48
2023-08-07,Road Bike,4,1230.47
2023-08-07,Hybrid Bike,7,665.34
2023-08-07,Kids Bike,0,230.03
2023-08-07,Electric Bike,9,1980.53
2023-08-08,Mountain Bike,6,855.27
2023-08-08,Road Bike,3,1215.06
2023-08-08,Hybrid Bike,3,571.96
2023-08-08,Kids Bike,3,228.11
2023-08-08,Electric Bike,7,1878.44
2023-08-09,Mountain Bike,6,838.9
2023-08-09,Road Bike,4,1469.97
2023-08-09,Hybrid Bike,7,534.4
2023-08-09,Kids Bike,4,232.03
2023-08-09,Electric Bike,6,2159.01
2023-08-10,Mountain Bike,6,869.58
2023-08-10,Road Bike,2,1466.5
2023-08-10,Hybrid Bike,3,654.6
2023-08-10,Kids Bike,2,237.63
2023-08-10,Electric Bike,5,1599.3
2023-08-11,Mountain Bike,5,798.1
2023-08-11,Road Bike,5,1183.65
2023-08-11,Hybrid Bike,3,548.78
2023-08-11,Kids Bike,3,216.44
2023-08-11,Electric Bike,8,1704.82
2023-08-12,Mountain Bike,9,870.9
2023-08-12,Road Bike,5,1160.63
2023-08-12,Hybrid Bike,9,544.91
2023-08-12,Kids Bike,4,210.17
2023-08-12,Electric Bike,13,1943.02
2023-08-13,Mountain Bike,8,749.83
2023-08-13,Road Bike,7,1357.48
2023-08-13,Hybrid Bike,10,670.69
2023-08-13,Kids Bike,6,288.82
2023-08-13,Electric Bike,13,2160.44
2023-08-14,Mountain Bike,7,849.99
2023-08-14,Road Bike,4,1288.62
2023-08-14,Hybrid Bike,4,581.7
2023-08-14,Kids Bike,3,242.11
2023-08-14,Electric Bike,8,1983.44
2023-08-15,Mountain Bike,8,863.23
2023-08-15,Road Bike,3,1379.68
2023-08-15,Hybrid Bike,5,566.89
2023-08-15,Kids Bike,3,297.8
2023-08-15,Electric Bike,8,1963.19
2023-08-16,Mountain Bike,6,807.19
2023-08-16,Road Bike,4,1363.42
2023-08-16,Hybrid Bike,6,521.29
2023-08-16,Kids Bike,2,165.53
2023-08-16,Electric Bike,10,1663.64
2023-08-17,Mountain Bike,4,726.94
2023-08-17,Road Bike,4,1198.94
2023-08-17,Hybrid Bike,6,594.53
2023-08-17,Kids Bike,3,221.71
2023-08-17,Electric Bike,10,2055.41
2023-08-18,Mountain Bike,5,715.45
2023-08-18,Road Bike,5,1250.86
2023-08-18,Hybrid Bike,6,540.5
2023-08-18,Kids Bike,5,296.25
2023-08-18,Electric Bike,9,1823.41
2023-08-19,Mountain Bike,12,734.07
2023-08-19,Road Bike,4,1294.85
2023-08-19,Hybrid Bike,10,585.37
2023-08-19,Kids Bike,6,241.52
2023-08-19,Electric Bike,12,2002.91
2023-08-20,Mountain Bike,9,700.55
2023-08-20,Road Bike,5,1315.27
2023-08-20,Hybrid Bike,9,606.24
2023-08-20,Kids Bike,7,223.06
2023-08-20,Electric Bike,16,1874.26
2023-08-21,Mountain Bike,6,723.29
2023-08-21,Road Bike,5,1331.06
2023-08-21,Hybrid Bike,1,620.63
2023-08-21,Kids Bike,2,273.48
2023-08-21,Electric Bike,10,2049.89
2023-08-22,Mountain Bike,7,762.29
2023-08-22,Road Bike,5,1108.77
2023-08-22,Hybrid Bike,3,637.17
2023-08-22,Kids Bike,5,296.31
2023-08-22,Electric Bike,9,1720.85
2023-08-23,Mountain Bike,3,761.83
2023-08-23,Road Bike,4,1467.33
2023-08-23,Hybrid Bike,3,678.35
2023-08-23,Kids Bike,1,228.92
2023-08-23,Electric Bike,10,1929.56
2023-08-24,Mountain Bike,6,810.08
2023-08-24,Road Bike,4,1245.4
2023-08-24,Hybrid Bike,3,558.16
2023-08-24,Kids Bike,1,220.0
2023-08-24,Electric Bike,6,2137.62
2023-08-25,Mountain Bike,5,720.92
2023-08-25,Road Bike,2,1160.62
2023-08-25,Hybrid Bike,5,549.6
2023-08-25,Kids Bike,2,202.31
2023-08-25,Electric Bike,9,2184.22
2023-08-26,Mountain Bike,7,876.24
2023-08-26,Road Bike,4,1374.81
2023-08-26,Hybrid Bike,9,606.76
2023-08-26,Kids Bike,5,248.41
2023-08-26,Electric Bike,17,1757.27
2023-08-27,Mountain Bike,7,837.25
2023-08-27,Road Bike,5,1489.85
2023-08-27,Hybrid Bike,9,661.05
2023-08-27,Kids Bike,5,257.52
2023-08-27,Electric Bike,13,2063.91
2023-08-28,Mountain Bike,4,782.79
2023-08-28,Road Bike,2,1131.42
2023-08-28,Hybrid Bike,4,633.11
2023-08-28,Kids Bike,2,190.65
2023-08-28,Electric Bike,6,1989.42
2023-08-29,Mountain Bike,5,784.03
2023-08-29,Road Bike,4,1330.14
2023-08-29,Hybrid Bike,6,621.45
2023-08-29,Kids Bike,1,241.71
2023-08-29,Electric Bike,8,1833.04
2023-08-30,Mountain Bike,6,776.04
2023-08-30,Road Bike,4,1376.65
2023-08-30,Hybrid Bike,3,560.04
2023-08-30,Kids Bike,3,243.34
2023-08-30,Electric Bike,6,1843.24
2023-08-31,Mountain Bike,4,707.29
2023-08-31,Road Bike,3,1493.92
2023-08-31,Hybrid Bike,4,640.53
2023-08-31,Kids Bike,0,274.46
2023-08-31,Electric Bike,7,1874.81
2023-09-01,Mountain Bike,5,827.77
2023-09-01,Road Bike,4,1099.97
2023-09-01,Hybrid Bike,2,600.96
2023-09-01,Kids Bike,1,273.38
2023-09-01,Electric Bike,7,1864.02
2023-09-02,Mountain Bike,4,804.7
2023-09-02,Road Bike,4,1395.0
2023-09-02,Hybrid Bike,6,545.94
2023-09-02,Kids Bike,3,220.25
2023-09-02,Electric Bike,12,2001.71
2023-09-03,Mountain Bike,5,851.36
2023-09-03,Road Bike,5,1384.23
2023-09-03,Hybrid Bike,7,636.29
2023-09-03,Kids Bike,4,297.7
2023-09-03,Electric Bike,11,1753.63
2023-09-04,Mountain Bike,3,847.82
2023-09-04,Road Bike,3,1377.68
2023-09-04,Hybrid Bike,4,580.13
2023-09-04,Kids Bike,1,261.29
2023-09-04,Electric Bike,8,1982.8
2023-09-05,Mountain Bike,4,888.49
2023-09-05,Road Bike,6,1360.4
2023-09-05,Hybrid Bike,5,554.29
2023-09-05,Kids Bike,4,254.99
2023-09-05,Electric Bike,8,1650.25
2023-09-06,Mountain Bike,3,762.38
2023-09-06,Road Bike,3,1364.01
2023-09-06,Hybrid Bike,5,674.85
2023-09-06,Kids Bike,3,209.93
2023-09-06,Electric Bike,4,2187.34
2023-09-07,Mountain Bike,2,767.7
2023-09-07,Road Bike,4,1221.78
2023-09-07,Hybrid Bike,4,664.18
2023-09-07,Kids Bike,4,261.41
2023-09-07,Electric Bike,6,1867.84
2023-09-08,Mountain Bike,2,720.42
2023-09-08,Road Bike,4,1318.93
2023-09-08,Hybrid Bike,2,563.62
2023-09-08,Kids Bike,3,235.45
2023-09-08,Electric Bike,5,2086.69
2023-09-09,Mountain Bike,3,782.69
2023-09-09,Road Bike,5,1150.05
2023-09-09,Hybrid Bike,5,563.44
2023-09-09,Kids Bike,4,259.31
2023-09-09,Electric Bike,10,1746.26
2023-09-10,Mountain Bike,4,874.55
2023-09-10,Road Bike,3,1299.3
2023-09-10,Hybrid Bike,5,577.8
2023-09-10,Kids Bike,5,254.61
2023-09-10,Electric Bike,9,1701.53
2023-09-11,Mountain Bike,4,881.0
2023-09-11,Road Bike,1,1428.57
2023-09-11,Hybrid Bike,3,578.06
2023-09-11,Kids Bike,4,236.46
2023-09-11,Electric Bike,5,1727.81
2023-09-12,Mountain Bike,4,869.83
2023-09-12,Road Bike,2,1184.5
2023-09-12,Hybrid Bike,4,596.87
2023-09-12,Kids Bike,3,297.6
2023-09-12,Electric Bike,5,1703.9
2023-09-13,Mountain Bike,1,851.18
2023-09-13,Road Bike,2,1290.57
2023-09-13,Hybrid Bike,4,586.83
2023-09-13,Kids Bike,2,239.58
2023-09-13,Electric Bike,6,1860.52
2023-09-14,Mountain Bike,1,859.66
2023-09-14,Road Bike,4,1352.89
2023-09-14,Hybrid Bike,4,645.13
2023-09-14,Kids Bike,4,286.86
2023-09-14,Electric Bike,5,1800.84
2023-09-15,Mountain Bike,4,753.76
2023-09-15,Road Bike,3,1135.76
2023-09-15,Hybrid Bike,4,536.03
2023-09-15,Kids Bike,3,289.26
2023-09-15,Electric Bike,6,1646.6
2023-09-16,Mountain Bike,4,708.58
2023-09-16,Road Bike,5,1427.66
2023-09-16,Hybrid Bike,6,573.12
2023-09-16,Kids Bike,4,260.96
2023-09-16,Electric Bike,6,1873.18
2023-09-17,Mountain Bike,6,732.0
2023-09-17,Road Bike,6,1168.86
2023-09-17,Hybrid Bike,5,576.45
2023-09-17,Kids Bike,2,266.82
2023-09-17,Electric Bike,12,2121.34
2023-09-18,Mountain Bike,3,872.34
2023-09-18,Road Bike,4,1211.28
2023-09-18,Hybrid Bike,4,599.65
2023-09-18,Kids Bike,2,219.65
2023-09-18,Electric Bike,5,2185.78
2023-09-19,Mountain Bike,2,889.1
2023-09-19,Road Bike,3,1212.9
2023-09-19,Hybrid Bike,4,657.52
2023-09-19,Kids Bike,3,210.04
2023-09-19,Electric Bike,8,1936.55
2023-09-20,Mountain Bike,2,895.63
2023-09-20,Road Bike,0,1470.54
2023-09-20,Hybrid Bike,5,569.27
2023-09-20,Kids Bike,4,293.9
2023-09-20,Electric Bike,6,2110.7
2023-09-21,Mountain Bike,1,714.24
2023-09-21,Road Bike,4,1288.67
2023-09-21,Hybrid Bike,5,674.21
2023-09-21,Kids Bike,1,200.24
2023-09-21,Electric Bike,3,1775.01
2023-09-22,Mountain Bike,4,829.12
2023-09-22,Road Bike,2,1331.81
2023-09-22,Hybrid Bike,4,613.2
2023-09-22,Kids Bike,1,247.71
2023-09-22,Electric Bike,7,1739.22
2023-09-23,Mountain Bike,6,789.86
2023-09-23,Road Bike,3,1104.09
2023-09-23,Hybrid Bike,5,595.88
2023-09-23,Kids Bike,5,220.45
2023-09-23,Electric Bike,12,1829.89
2023-09-24,Mountain Bike,5,750.56
2023-09-24,Road Bike,5,1365.0
2023-09-24,Hybrid Bike,3,587.52
2023-09-24,Kids Bike,2,294.26
2023-09-24,Electric Bike,11,1693.72
2023-09-25,Mountain Bike,5,788.0
2023-09-25,Road Bike,4,1483.43
2023-09-25,Hybrid Bike,3,532.93
2023-09-25,Kids Bike,3,237.07
2023-09-25,Electric Bike,4,2027.05
2023-09-26,Mountain Bike,3,847.86
2023-09-26,Road Bike,3,1176.37
2023-09-26,Hybrid Bike,3,677.21
2023-09-26,Kids Bike,2,298.85
2023-09-26,Electric Bike,8,1704.19
2023-09-27,Mountain Bike,4,598.71
2023-09-27,Road Bike,1,1363.15
2023-09-27,Hybrid Bike,4,625.09
2023-09-27,Kids Bike,1,211.61
2023-09-27,Electric Bike,2,2133.37
2023-09-28,Mountain Bike,4,800.03
2023-09-28,Road Bike,2,1409.42
2023-09-28,Hybrid Bike,2,567.65
2023-09-28,Kids Bike,1,251.17
2023-09-28,Electric Bike,7,1609.9
2023-09-29,Mountain Bike,0,850.27
2023-09-29,Road Bike,4,1266.03
2023-09-29,Hybrid Bike,1,545.37
2023-09-29,Kids Bike,2,273.59
2023-09-29,Electric Bike,9,2065.7
2023-09-30,Mountain Bike,5,850.47
2023-09-30,Road Bike,1,1164.09
2023-09-30,Hybrid Bike,5,609.24
2023-09-30,Kids Bike,2,260.58
2023-09-30,Electric Bike,12,2067.16
2023-10-01,Mountain Bike,2,820.2
2023-10-01,Road Bike,3,1288.23
2023-10-01,Hybrid Bike,3,522.74
2023-10-01,Kids Bike,1,265.42
2023-10-01,Electric Bike,4,1697.5
2023-10-02,Mountain Bike,1,782.42
2023-10-02,Road Bike,0,1396.43
2023-10-02,Hybrid Bike,2,573.31
2023-10-02,Kids Bike,1,297.59
2023-10-02,Electric Bike,5,2061.17
2023-10-03,Mountain Bike,2,761.68
2023-10-03,Road Bike,1,1485.98
2023-10-03,Hybrid Bike,3,559.02
2023-10-03,Kids Bike,1,294.01
2023-10-03,Electric Bike,3,1697.51
2023-10-04,Mountain Bike,2,711.21
2023-10-04,Road Bike,1,1403.54
2023-10-04,Hybrid Bike,1,628.89
2023-10-04,Kids Bike,3,212.15
2023-10-04,Electric Bike,6,2071.47
2023-10-05,Mountain Bike,0,867.79
2023-10-05,Road Bike,3,1341.67
2023-10-05,Hybrid Bike,3,555.42
2023-10-05,Kids Bike,0,279.08
2023-10-05,Electric Bike,3,1765.13
2023-10-06,Mountain Bike,1,820.44
2023-10-06,Road Bike,2,1337.08
2023-10-06,Hybrid Bike,2,619.1
2023-10-06,Kids Bike,3,284.41
2023-10-06,Electric Bike,5,1648.9
2023-10-07,Mountain Bike,3,784.39
2023-10-07,Road Bike,3,1428.01
2023-10-07,Hybrid Bike,3,661.13
2023-10-07,Kids Bike,4,225.44
2023-10-07,Electric Bike,7,1611.52
2023-10-08,Mountain Bike,2,799.72
2023-10-08,Road Bike,2,1262.43
2023-10-08,Hybrid Bike,1,519.77
2023-10-08,Kids Bike,2,275.03
2023-10-08,Electric Bike,10,2017.16
2023-10-09,Mountain Bike,2,840.47
2023-10-09,Road Bike,1,1147.4
2023-10-09,Hybrid Bike,2,605.09
2023-10-09,Kids Bike,1,236.11
2023-10-09,Electric Bike,2,1947.17
2023-10-10,Mountain Bike,1,772.96
2023-10-10,Road Bike,3,1220.05
2023-10-10,Hybrid Bike,3,523.29
2023-10-10,Kids Bike,2,233.3
2023-10-10,Electric Bike,3,1607.14
2023-10-11,Mountain Bike,2,884.21
2023-10-11,Road Bike,0,1243.48
2023-10-11,Hybrid Bike,1,530.25
2023-10-11,Kids Bike,2,214.01
2023-10-11,Electric Bike,1,1603.91
2023-10-12,Mountain Bike,3,727.4
2023-10-12,Road Bike,1,1306.42
2023-10-12,Hybrid Bike,2,540.05
2023-10-12,Kids Bike,2,225.29
2023-10-12,Electric Bike,2,2155.22
2023-10-13,Mountain Bike,0,847.99
2023-10-13,Road Bike,3,1359.15
2023-10-13,Hybrid Bike,2,671.87
2023-10-13,Kids Bike,2,238.04
2023-10-13,Electric Bike,7,1882.43
2023-10-14,Mountain Bike,3,731.59
2023-10-14,Road Bike,1,1355.9
2023-10-14,Hybrid Bike,7,579.93
2023-10-14,Kids Bike,3,206.08
2023-10-14,Electric Bike,6,1726.52
2023-10-15,Mountain Bike,2,776.72
2023-10-15,Road Bike,2,1437.62
2023-10-15,Hybrid Bike,5,645.77
2023-10-15,Kids Bike,0,276.26
2023-10-15,Electric Bike,3,1626.92
2023-10-16,Mountain Bike,3,891.24
2023-10-16,Road Bike,3,1460.68
2023-10-16,Hybrid Bike,0,564.1
2023-10-16,Kids Bike,0,212.7
2023-10-16,Electric Bike,4,1917.79
2023-10-17,Mountain Bike,1,757.74
2023-10-17,Road Bike,1,1470.49
2023-10-17,Hybrid Bike,1,652.68
2023-10-17,Kids Bike,0,273.68
2023-10-17,Electric Bike,4,2122.86
2023-10-18,Mountain Bike,2,757.12
2023-10-18,Road Bike,2,1440.73
2023-10-18,Hybrid Bike,1,590.8
2023-10-18,Kids Bike,2,238.83
2023-10-18,Electric Bike,4,2099.57
2023-10-19,Mountain Bike,3,773.56
2023-10-19,Road Bike,1,1132.83
2023-10-19,Hybrid Bike,2,677.63
2023-10-19,Kids Bike,3,211.58
2023-10-19,Electric Bike,5,1789.72
2023-10-20,Mountain Bike,2,845.59
2023-10-20,Road Bike,4,1308.33
2023-10-20,Hybrid Bike,2,615.16
2023-10-20,Kids Bike,1,290.87
2023-10-20,Electric Bike,4,2144.73
2023-10-21,Mountain Bike,3,767.19
2023-10-21,Road Bike,2,1150.88
2023-10-21,Hybrid Bike,1,585.73
2023-10-21,Kids Bike,1,242.33
2023-10-21,Electric Bike,8,1660.49
2023-10-22,Mountain Bike,3,819.95
2023-10-22,Road Bike,2,1455.55
2023-10-22,Hybrid Bike,5,520.92
2023-10-22,Kids Bike,2,247.33
2023-10-22,Electric Bike,10,2137.56
2023-10-23,Mountain Bike,3,894.54
2023-10-23,Road Bike,1,1082.37
2023-10-23,Hybrid Bike,3,547.58
2023-10-23,Kids Bike,1,217.3
2023-10-23,Electric Bike,3,1755.06
2023-10-24,Mountain Bike,3,713.65
2023-10-24,Road Bike,2,1235.77
2023-10-24,Hybrid Bike,2,678.2
2023-10-24,Kids Bike,3,298.08
2023-10-24,Electric Bike,5,2118.73
2023-10-25,Mountain Bike,1,755.89
2023-10-25,Road Bike,1,1402.36
2023-10-25,Hybrid Bike,2,562.11
2023-10-25,Kids Bike,1,233.31
2023-10-25,Electric Bike,4,1742.05
2023-10-26,Mountain Bike,1,715.3
2023-10-26,Road Bike,1,1113.09
2023-10-26,Hybrid Bike,2,602.35
2023-10-26,Kids Bike,2,291.97
2023-10-26,Electric Bike,3,2190.6
2023-10-27,Mountain Bike,2,749.86
2023-10-27,Road Bike,1,1235.88
2023-10-27,Hybrid Bike,2,645.31
2023-10-27,Kids Bike,0,294.08
2023-10-27,Electric Bike,2,1788.76
2023-10-28,Mountain Bike,4,714.29
2023-10-28,Road Bike,1,1207.3
2023-10-28,Hybrid Bike,3,524.24
2023-10-28,Kids Bike,1,280.68
2023-10-28,Electric Bike,6,1780.45
2023-10-29,Mountain Bike,5,699.23
2023-10-29,Road Bike,3,1456.98
2023-10-29,Hybrid Bike,4,579.91
2023-10-29,Kids Bike,3,162.5
2023-10-29,Electric Bike,8,2062.01
2023-10-30,Mountain Bike,2,864.19
2023-10-30,Road Bike,4,1112.25
2023-10-30,Hybrid Bike,1,564.45
2023-10-30,Kids Bike,3,294.28
2023-10-30,Electric Bike,3,1739.71
2023-10-31,Mountain Bike,1,889.05
2023-10-31,Road Bike,2,1304.33
2023-10-31,Hybrid Bike,3,638.74
2023-10-31,Kids Bike,2,277.3
2023-10-31,Electric Bike,4,1628.22
2023-11-01,Mountain Bike,0,850.81
2023-11-01,Road Bike,0,1215.71
2023-11-01,Hybrid Bike,2,580.16
2023-11-01,Kids Bike,3,234.89
2023-11-01,Electric Bike,4,2158.39
2023-11-02,Mountain Bike,2,735.44
2023-11-02,Road Bike,2,1178.45
2023-11-02,Hybrid Bike,4,601.87
2023-11-02,Kids Bike,2,207.27
2023-11-02,Electric Bike,3,1732.69
2023-11-03,Mountain Bike,1,734.27
2023-11-03,Road Bike,2,1135.7
2023-11-03,Hybrid Bike,1,645.89
2023-11-03,Kids Bike,6,267.19
2023-11-03,Electric Bike,6,1876.92
2023-11-04,Mountain Bike,4,823.92
2023-11-04,Road Bike,3,1489.98
2023-11-04,Hybrid Bike,2,636.51
2023-11-04,Kids Bike,2,251.51
2023-11-04,Electric Bike,8,1772.92
2023-11-05,Mountain Bike,2,707.67
2023-11-05,Road Bike,2,1163.36
2023-11-05,Hybrid Bike,3,561.08
2023-11-05,Kids Bike,4,217.39
2023-11-05,Electric Bike,6,2140.4
2023-11-06,Mountain Bike,1,742.47
2023-11-06,Road Bike,2,1306.05
2023-11-06,Hybrid Bike,2,612.83
2023-11-06,Kids Bike,5,254.66
2023-11-06,Electric Bike,7,2080.37
2023-11-07,Mountain Bike,1,749.39
2023-11-07,Road Bike,0,1181.83
2023-11-07,Hybrid Bike,2,561.34
2023-11-07,Kids Bike,3,229.05
2023-11-07,Electric Bike,6,1681.24
2023-11-08,Mountain Bike,2,889.27
2023-11-08,Road Bike,2,1249.24
2023-11-08,Hybrid Bike,2,612.29
2023-11-08,Kids Bike,1,298.55
2023-11-08,Electric Bike,3,1616.8
2023-11-09,Mountain Bike,0,832.24
2023-11-09,Road Bike,3,1297.19
2023-11-09,Hybrid Bike,2,608.09
2023-11-09,Kids Bike,4,280.46
2023-11-09,Electric Bike,5,1989.29
2023-11-10,Mountain Bike,3,863.3
2023-11-10,Road Bike,3,1237.84
2023-11-10,Hybrid Bike,3,655.02
2023-11-10,Kids Bike,2,245.33
2023-11-10,Electric Bike,5,1849.78
2023-11-11,Mountain Bike,2,752.72
2023-11-11,Road Bike,1,1139.13
2023-11-11,Hybrid Bike,3,645.17
2023-11-11,Kids Bike,2,240.72
2023-11-11,Electric Bike,7,2157.91
2023-11-12,Mountain Bike,3,761.13
2023-11-12,Road Bike,1,1386.77
2023-11-12,Hybrid Bike,3,552.62
2023-11-12,Kids Bike,7,235.08
2023-11-12,Electric Bike,9,1822.2
2023-11-13,Mountain Bike,3,706.3
2023-11-13,Road Bike,1,1125.1
2023-11-13,Hybrid Bike,1,545.9
2023-11-13,Kids Bike,5,253.77
2023-11-13,Electric Bike,3,1643.06
2023-11-14,Mountain Bike,3,770.27
2023-11-14,Road Bike,4,1497.33
2023-11-14,Hybrid Bike,1,571.23
2023-11-14,Kids Bike,5,222.33
2023-11-14,Electric Bike,5,1693.0
2023-11-15,Mountain Bike,2,888.45
2023-11-15,Road Bike,0,1268.15
2023-11-15,Hybrid Bike,1,607.78
2023-11-15,Kids Bike,4,216.81
2023-11-15,Electric Bike,2,2007.86
2023-11-16,Mountain Bike,2,592.75
2023-11-16,Road Bike,1,1249.06
2023-11-16,Hybrid Bike,0,617.53
2023-11-16,Kids Bike,1,263.6
2023-11-16,Electric Bike,3,1769.71
2023-11-17,Mountain Bike,3,849.9
2023-11-17,Road Bike,2,1498.9
2023-11-17,Hybrid Bike,2,558.87
2023-11-17,Kids Bike,3,216.71
2023-11-17,Electric Bike,4,2117.06
2023-11-18,Mountain Bike,2,810.01
2023-11-18,Road Bike,3,1429.47
2023-11-18,Hybrid Bike,4,563.82
2023-11-18,Kids Bike,3,218.77
2023-11-18,Electric Bike,4,1875.86
2023-11-19,Mountain Bike,2,755.54
2023-11-19,Road Bike,3,1442.41
2023-11-19,Hybrid Bike,3,525.34
2023-11-19,Kids Bike,3,209.83
2023-11-19,Electric Bike,8,2158.36
2023-11-20,Mountain Bike,2,886.11
2023-11-20,Road Bike,1,1366.44
2023-11-20,Hybrid Bike,3,547.71
2023-11-20,Kids Bike,4,225.66
2023-11-20,Electric Bike,5,1831.0
2023-11-21,Mountain Bike,1,826.62
2023-11-21,Road Bike,2,1297.64
2023-11-21,Hybrid Bike,1,558.13
2023-11-21,Kids Bike,5,226.79
2023-11-21,Electric Bike,3,2072.09
2023-11-22,Mountain Bike,0,768.46
2023-11-22,Road Bike,0,1208.76
2023-11-22,Hybrid Bike,1,654.92
2023-11-22,Kids Bike,2,254.67
2023-11-22,Electric Bike,3,1709.44
2023-11-23,Mountain Bike,0,718.26
2023-11-23,Road Bike,0,1210.82
2023-11-23,Hybrid Bike,3,618.27
2023-11-23,Kids Bike,3,295.69
2023-11-23,Electric Bike,5,2166.01
2023-11-24,Mountain Bike,1,804.41
2023-11-24,Road Bike,2,1113.88
2023-11-24,Hybrid Bike,2,526.42
2023-11-24,Kids Bike,2,204.78
2023-11-24,Electric Bike,5,2020.03
2023-11-25,Mountain Bike,4,757.25
2023-11-25,Road Bike,3,1118.19
2023-11-25,Hybrid Bike,6,595.77
2023-11-25,Kids Bike,5,268.88
2023-11-25,Electric Bike,10,1654.43
2023-11-26,Mountain Bike,4,805.08
2023-11-26,Road Bike,2,1372.98
2023-11-26,Hybrid Bike,2,559.64
2023-11-26,Kids Bike,5,275.43
2023-11-26,Electric Bike,6,2196.31
2023-11-27,Mountain Bike,1,780.51
2023-11-27,Road Bike,2,1185.76
2023-11-27,Hybrid Bike,3,574.86
2023-11-27,Kids Bike,0,283.88
2023-11-27,Electric Bike,3,2116.94
2023-11-28,Mountain Bike,2,776.89
2023-11-28,Road Bike,0,1312.64
2023-11-28,Hybrid Bike,4,597.5
2023-11-28,Kids Bike,2,209.75
2023-11-28,Electric Bike,5,1927.16
2023-11-29,Mountain Bike,2,733.41
2023-11-29,Road Bike,0,1104.78
2023-11-29,Hybrid Bike,3,573.18
2023-11-29,Kids Bike,2,293.3
2023-11-29,Electric Bike,1,2010.95
2023-11-30,Mountain Bike,2,878.55
2023-11-30,Road Bike,1,1360.02
2023-11-30,Hybrid Bike,2,677.93
2023-11-30,Kids Bike,3,280.36
2023-11-30,Electric Bike,5,1622.04
2023-12-01,Mountain Bike,2,894.73
2023-12-01,Road Bike,1,1152.04
2023-12-01,Hybrid Bike,2,565.09
2023-12-01,Kids Bike,3,248.44
2023-12-01,Electric Bike,2,1919.59
2023-12-02,Mountain Bike,3,863.14
2023-12-02,Road Bike,2,1367.25
2023-12-02,Hybrid Bike,3,527.07
2023-12-02,Kids Bike,5,291.54
2023-12-02,Electric Bike,6,1750.46
2023-12-03,Mountain Bike,3,827.38
2023-12-03,Road Bike,3,1150.98
2023-12-03,Hybrid Bike,3,662.37
2023-12-03,Kids Bike,6,245.24
2023-12-03,Electric Bike,7,2037.25
2023-12-04,Mountain Bike,3,884.26
2023-12-04,Road Bike,2,1293.89
2023-12-04,Hybrid Bike,3,571.29
2023-12-04,Kids Bike,4,243.6
2023-12-04,Electric Bike,5,1935.61
2023-12-05,Mountain Bike,2,868.11
2023-12-05,Road Bike,0,1156.59
2023-12-05,Hybrid Bike,4,642.52
2023-12-05,Kids Bike,3,293.19
2023-12-05,Electric Bike,3,1869.3
2023-12-06,Mountain Bike,1,728.94
2023-12-06,Road Bike,2,1458.94
2023-12-06,Hybrid Bike,3,614.88
2023-12-06,Kids Bike,3,213.79
2023-12-06,Electric Bike,6,1815.63
2023-12-07,Mountain Bike,0,702.43
2023-12-07,Road Bike,0,1233.15
2023-12-07,Hybrid Bike,1,646.21
2023-12-07,Kids Bike,2,219.72
2023-12-07,Electric Bike,3,2109.06
2023-12-08,Mountain Bike,1,753.15
2023-12-08,Road Bike,2,1375.12
2023-12-08,Hybrid Bike,3,585.61
2023-12-08,Kids Bike,3,229.15
2023-12-08,Electric Bike,5,2035.52
2023-12-09,Mountain Bike,2,727.43
2023-12-09,Road Bike,0,1367.4
2023-12-09,Hybrid Bike,2,646.88
2023-12-09,Kids Bike,4,274.62
2023-12-09,Electric Bike,6,2041.91
2023-12-10,Mountain Bike,3,714.55
2023-12-10,Road Bike,2,1213.34
2023-12-10,Hybrid Bike,4,634.13
2023-12-10,Kids Bike,8,208.27
2023-12-10,Electric Bike,8,1700.57
2023-12-11,Mountain Bike,3,729.29
2023-12-11,Road Bike,3,1399.65
2023-12-11,Hybrid Bike,1,474.96
2023-12-11,Kids Bike,3,277.55
2023-12-11,Electric Bike,4,2190.86
2023-12-12,Mountain Bike,2,806.83
2023-12-12,Road Bike,1,1119.37
2023-12-12,Hybrid Bike,3,596.87
2023-12-12,Kids Bike,4,254.55
2023-12-12,Electric Bike,5,1642.52
2023-12-13,Mountain Bike,1,789.35
2023-12-13,Road Bike,1,1253.88
2023-12-13,Hybrid Bike,2,601.1
2023-12-13,Kids Bike,4,214.54
2023-12-13,Electric Bike,2,1981.83
2023-12-14,Mountain Bike,1,530.45
2023-12-14,Road Bike,0,1124.3
2023-12-14,Hybrid Bike,3,656.16
2023-12-14,Kids Bike,2,279.9
2023-12-14,Electric Bike,4,2188.97
2023-12-15,Mountain Bike,2,727.29
2023-12-15,Road Bike,4,1105.51
2023-12-15,Hybrid Bike,0,543.77
2023-12-15,Kids Bike,3,266.06
2023-12-15,Electric Bike,3,2151.14
2023-12-16,Mountain Bike,3,768.13
2023-12-16,Road Bike,2,1398.19
2023-12-16,Hybrid Bike,3,648.87
2023-12-16,Kids Bike,3,283.23
2023-12-16,Electric Bike,10,1731.99
2023-12-17,Mountain Bike,2,836.15
2023-12-17,Road Bike,1,1335.74
2023-12-17,Hybrid Bike,4,641.07
2023-12-17,Kids Bike,7,217.81
2023-12-17,Electric Bike,8,2161.56
2023-12-18,Mountain Bike,0,843.29
2023-12-18,Road Bike,0,1447.11
2023-12-18,Hybrid Bike,3,531.75
2023-12-18,Kids Bike,5,219.75
2023-12-18,Electric Bike,5,1982.93
2023-12-19,Mountain Bike,3,896.04
2023-12-19,Road Bike,2,1337.87
2023-12-19,Hybrid Bike,3,576.51
2023-12-19,Kids Bike,2,232.3
2023-12-19,Electric Bike,5,1927.83
2023-12-20,Mountain Bike,2,822.85
2023-12-20,Road Bike,2,1217.63
2023-12-20,Hybrid Bike,3,555.15
2023-12-20,Kids Bike,3,229.01
2023-12-20,Electric Bike,3,2163.22
2023-12-21,Mountain Bike,0,866.35
2023-12-21,Road Bike,2,1426.26
2023-12-21,Hybrid Bike,4,524.1
2023-12-21,Kids Bike,0,278.95
2023-12-21,Electric Bike,3,2156.97
2023-12-22,Mountain Bike,3,875.93
2023-12-22,Road Bike,1,1327.71
2023-12-22,Hybrid Bike,1,676.23
2023-12-22,Kids Bike,3,219.2
2023-12-22,Electric Bike,2,1619.86
2023-12-23,Mountain Bike,3,753.34
2023-12-23,Road Bike,2,1110.94
2023-12-23,Hybrid Bike,2,673.2
2023-12-23,Kids Bike,4,221.13
2023-12-23,Electric Bike,7,1822.53
2023-12-24,Mountain Bike,4,690.86
2023-12-24,Road Bike,2,1371.24
2023-12-24,Hybrid Bike,5,630.08
2023-12-24,Kids Bike,4,227.26
2023-12-24,Electric Bike,9,1672.97
2023-12-25,Mountain Bike,0,864.52
2023-12-25,Road Bike,1,1204.18
2023-12-25,Hybrid Bike,1,521.92
2023-12-25,Kids Bike,3,210.86
2023-12-25,Electric Bike,2,2042.3
2023-12-26,Mountain Bike,1,881.37
2023-12-26,Road Bike,0,1251.79
2023-12-26,Hybrid Bike,2,549.9
2023-12-26,Kids Bike,5,236.59
2023-12-26,Electric Bike,5,1824.85
2023-12-27,Mountain Bike,3,769.88
2023-12-27,Road Bike,0,1215.36
2023-12-27,Hybrid Bike,1,626.35
2023-12-27,Kids Bike,3,242.92
2023-12-27,Electric Bike,3,1906.73
2023-12-28,Mountain Bike,3,816.24
2023-12-28,Road Bike,1,1443.75
2023-12-28,Hybrid Bike,2,564.62
2023-12-28,Kids Bike,3,228.02
2023-12-28,Electric Bike,4,1605.63
2023-12-29,Mountain Bike,3,771.93
2023-12-29,Road Bike,3,1294.59
2023-12-29,Hybrid Bike,4,616.55
2023-12-29,Kids Bike,2,221.07
2023-12-29,Electric Bike,6,2151.31
2023-12-30,Mountain Bike,4,807.52
2023-12-30,Road Bike,3,1267.23
2023-12-30,Hybrid Bike,4,523.49
2023-12-30,Kids Bike,6,237.49
2023-12-30,Electric Bike,5,2117.25
2023-12-31,Mountain Bike,3,745.12
2023-12-31,Road Bike,0,1163.13
2023-12-31,Hybrid Bike,3,532.13
2023-12-31,Kids Bike,5,202.61
2023-12-31,Electric Bike,9,1870.86
